author;title;content;category;link
Cole;Metoprolol Tartrate ;In tincidunt congue turpis. In condimentum. Donec at arcu. Vestibulum;Adobe;dolor. Nulla semper tellus
Jordan;Lisinopril/Hydrochlorothiazide;a, enim. Suspendisse aliquet, sem ut cursus luctus, ipsum leo;Macromedia;sed consequat auctor, nunc
Nadine;Benicar;et malesuada fames ac turpis egestas. Fusce aliquet magna a;Apple Systems;fringilla, porttitor vulputate, posuere
Emi;Famotidine;risus. Quisque libero lacus, varius et, euismod et, commodo at,;Apple Systems;adipiscing, enim mi tempor
Boris;Actos;vitae, aliquet nec, imperdiet nec, leo. Morbi neque tellus, imperdiet;Borland;sed tortor. Integer aliquam
Elliott;Prednisone;elit, a feugiat tellus lorem eu metus. In lorem. Donec;Apple Systems;euismod in, dolor. Fusce
Keith;Atenolol;dictum eleifend, nunc risus varius orci, in consequat enim diam;Borland;natoque penatibus et magnis
Jane;Simvastatin;egestas hendrerit neque. In ornare sagittis felis. Donec tempor, est;Borland;Fusce aliquam, enim nec
Baxter;Tri-Sprintec;erat volutpat. Nulla facilisis. Suspendisse commodo tincidunt nibh. Phasellus nulla.;Finale;venenatis a, magna. Lorem
Regina;Amlodipine Besylate;Nulla eu neque pellentesque massa lobortis ultrices. Vivamus rhoncus. Donec;Sibelius;parturient montes, nascetur ridiculus