username;email;password;creationDate;description;isMod;profilePic
Cole;ac.mattis.ornare@noncursus.com;Sweden;21/01/2021;ipsum sodales purus,;false;6
Joshua;imperdiet@nullaIntincidunt.com;United States;06/07/2020;Aliquam ornare, libero;true;3
Dale;adipiscing.lacus.Ut@ametconsectetueradipiscing.net;Malta;24/03/2020;a neque. Nullam;false;1
Baxter;dolor.dolor@tinciduntadipiscingMauris.com;Bahamas;12/03/2020;ut, nulla. Cras;true;3
Emi;In@sitamet.com;Norfolk Island;10/04/2020;ad litora torquent;false;15
Regina;placerat.Cras@nullaIntegervulputate.net;Angola;22/08/2020;orci. Phasellus dapibus;true;15
Nehru;lobortis@euismodenim.net;Timor-Leste;04/06/2021;urna. Ut tincidunt;true;5
Keith;feugiat.non@Aeneaneget.net;Myanmar;09/09/2020;velit. Cras lorem;true;8
Jordan;et@erat.co.uk;Sri Lanka;02/04/2021;vel arcu. Curabitur;false;1
Boris;odio@NullamenimSed.ca;Ukraine;12/11/2020;sodales nisi magna;false;8
Marcia;ipsum@amet.net;South Georgia and The South Sandwich Islands;22/10/2020;nisi. Aenean eget;false;13
Troy;at@ornaretortorat.com;Burundi;27/03/2020;interdum ligula eu;true;10
Rudyard;convallis@risusat.org;Iceland;15/04/2020;non dui nec;false;14
Elliott;Praesent@maurisaliquam.org;Thailand;02/06/2021;aliquam eros turpis;false;11
Galvin;Suspendisse.sagittis.Nullam@estNunclaoreet.net;Romania;10/01/2021;Sed eu eros.;false;4
Jane;ipsum@nibhsitamet.ca;Aruba;20/09/2020;ac, eleifend vitae,;false;3
Madison;egestas.Fusce.aliquet@Curabitur.org;Serbia;23/09/2020;sollicitudin orci sem;false;3
Nadine;ante.lectus@nonegestas.org;San Marino;10/06/2020;ornare, elit elit;false;10
Grant;quis@hymenaeosMaurisut.edu;Taiwan;01/09/2020;Maecenas iaculis aliquet;true;10
Leonard;sagittis.Duis@erosNamconsequat.co.uk;Norfolk Island;23/03/2021;Nunc ullamcorper, velit;true;2
